{
  "Carat" : {
  "title": "Understanding Diamond Carat",
  "author": "Shine Editorial Team",
  "date": "Updated June 28, 2024",
  "content": [
    {
      "heading": "Carat: The Weight of Diamonds",
      "paragraphs": [
        "Carat is a unit of measurement for the weight of diamonds and other gemstones. One carat is equivalent to 200 milligrams (0.2 grams). This standard unit is widely used in the jewelry industry to determine the value and size of diamonds. However, it is crucial to note that carat weight does not equate to size or appearance but simply the weight of the diamond.",
        "The term 'Carat' originates from the Greek word 'keration,' meaning 'carob seed.' Historically, carob seeds were used as a reference for weighing gemstones due to their consistent weight. In the 20th century, the carat was standardized internationally, becoming a crucial measure in the gem industry."
      ]
    },
    {
      "heading": "Impact of Carat Weight on Value",
      "paragraphs": [
        "The carat weight of a diamond significantly impacts its value. Generally, as the carat weight increases, the price per carat also increases. This is due to the rarity of larger diamonds. However, other factors like cut, color, and clarity (the other three Cs) also play essential roles in determining a diamond's overall value.",
        "While carat measures weight, it does not directly correspond to the physical dimensions of the diamond. Two diamonds of the same carat weight can have different sizes depending on their cut proportions. For example, a well-cut diamond will appear larger and more brilliant than a poorly cut diamond of the same weight."
      ]
    },
    {
      "heading": "Choosing the Right Carat Weight",
      "paragraphs": [
        "Choosing the right carat weight depends on personal preference, budget, and the intended use of the diamond. For everyday wear, such as engagement rings, a diamond between 1 to 2 carats is popular. It's essential to balance carat weight with the other Cs to ensure a beautiful and valuable diamond.",
        "When purchasing a diamond, ensure it is certified by reputable organizations such as the Gemological Institute of America (GIA). A certification provides an accurate carat weight and verifies the diamond's quality, giving buyers confidence in their investment."
      ]
    },
    {
      "heading": "Making Informed Decisions",
      "paragraphs": [
        "Understanding carat weight is fundamental in making informed decisions when buying diamonds. At Shine, we strive to provide our customers with the knowledge and resources needed to select the perfect diamond. Whether you're seeking a dazzling engagement ring or a timeless piece of jewelry, knowing the basics of carat weight will help you choose a diamond that fits your desires and budget."
      ]
    }
  ]
    },
  "Cut" : {
      "title": "Understanding Diamond Cut",
      "author": "Shine Editorial Team",
      "date": "Updated June 28, 2024",
      "content": [
        {
          "heading": "Cut: The Key to Diamond Brilliance",
          "paragraphs": [
            "The cut of a diamond is often considered the most critical factor in determining its beauty. Unlike carat weight, which measures a diamond's size, the cut determines how well the diamond reflects light. A well-cut diamond will exhibit exceptional brilliance, sparkle, and fire, making it appear more dazzling than a poorly cut diamond.",
            "Diamond cut refers to how well the diamond's facets interact with light. A diamond's cut quality is assessed based on its proportions, symmetry, and polish. These aspects collectively influence the diamond's overall appearance, making the cut an essential factor when selecting a diamond."
          ]
        },
        {
          "heading": "Grading Diamond Cut Quality",
          "paragraphs": [
            "Diamond cut quality is graded on a scale from Excellent to Poor. The Gemological Institute of America (GIA) uses a comprehensive grading system that evaluates the diamond's proportions, symmetry, and polish. An Excellent cut grade indicates that the diamond's facets are precisely aligned to maximize light performance, resulting in exceptional brilliance and fire.",
            "A diamond with a lower cut grade, such as Good or Fair, will not reflect light as efficiently, resulting in less sparkle. Even if a diamond has high grades in color and clarity, a poor cut can significantly diminish its overall beauty."
          ]
        },
        {
          "heading": "The Ideal Cut",
          "paragraphs": [
            "The term 'Ideal Cut' refers to a diamond cut to precise proportions and angles to maximize its brilliance and fire. The concept of the Ideal Cut was developed by Marcel Tolkowsky in 1919, who calculated the optimal proportions for round brilliant diamonds. An Ideal Cut diamond will have excellent symmetry and polish, ensuring that light enters through the top of the diamond, reflects off its facets, and exits through the top, creating a stunning visual effect.",
            "While the Ideal Cut is highly desirable, it is also more expensive due to the precision required in cutting the diamond. However, many buyers consider it a worthwhile investment for the unparalleled beauty it offers."
          ]
        },
        {
          "heading": "Choosing the Right Cut for You",
          "paragraphs": [
            "When selecting a diamond, prioritize cut quality to ensure maximum brilliance and beauty. Even with a limited budget, opting for a diamond with a higher cut grade will provide better value and visual appeal than focusing solely on carat weight or clarity.",
            "At Shine, we offer a wide range of diamonds with various cut grades, allowing you to find the perfect balance between quality and affordability. Our experts are here to help you understand the nuances of diamond cut and guide you in making an informed decision that aligns with your preferences and budget."
          ]
        }
      ]
    },
  "Color" : {
      "title": "Understanding Diamond Color",
      "author": "Shine Editorial Team",
      "date": "Updated June 28, 2024",
      "content": [
        {
          "heading": "Color: The Hue of Diamonds",
          "paragraphs": [
            "Diamond color is one of the critical factors in determining a diamond's value and overall appearance. Unlike other gemstones, the most valuable diamonds are typically colorless. The absence of color allows more light to pass through the diamond, resulting in exceptional sparkle and brilliance.",
            "The color of a diamond is graded on a scale from D (completely colorless) to Z (light yellow or brown). This scale, established by the Gemological Institute of America (GIA), is widely recognized and used by gemologists worldwide. Diamonds graded D are extremely rare and command higher prices, while those closer to Z may have noticeable color."
          ]
        },
        {
          "heading": "Grading Diamond Color",
          "paragraphs": [
            "The GIA color grading scale is based on a diamond's lack of color. Each letter grade represents a range of color, with D being the highest grade, indicating a completely colorless diamond. As the grades progress from D to Z, the presence of color becomes more apparent. Diamonds with less color are more valuable because they allow more light to pass through, enhancing their brilliance.",
            "In practical terms, diamonds in the D-F range are considered colorless and are very rare. Diamonds graded G-J are near colorless, showing minimal color that is difficult to detect with the naked eye, making them an excellent choice for value and appearance. Diamonds in the K-M range have a faint yellow tint, while those graded N-Z have increasingly noticeable color."
          ]
        },
        {
          "heading": "The Impact of Setting on Diamond Color",
          "paragraphs": [
            "The color of a diamond can be influenced by its setting. For example, a yellow or rose gold setting can make a slightly tinted diamond appear whiter, while a white gold or platinum setting may highlight the color. When choosing a diamond, consider how the setting will interact with its color to achieve the desired effect.",
            "Additionally, the size and shape of the diamond can affect the perception of color. Larger diamonds and certain cuts, such as the emerald or asscher cut, tend to show color more than smaller diamonds or those with brilliant cuts like the round or princess cut."
          ]
        },
        {
          "heading": "Choosing the Right Diamond Color for You",
          "paragraphs": [
            "When selecting a diamond, personal preference plays a significant role in the importance of color. Some buyers may prioritize a colorless diamond for its rarity and value, while others might prefer a diamond with a slight tint that offers better value. Balancing color with other factors such as cut, clarity, and carat weight will help you find the perfect diamond within your budget.",
            "At Shine, our experts are here to help you navigate the complexities of diamond color and choose a diamond that meets your needs and preferences. Whether you desire a completely colorless diamond or one with a subtle hint of color, we offer a wide range of options to suit every taste and budget."
          ]
        }
      ]
    },
  "Clarity" : {
      "title": "Understanding Diamond Clarity",
      "author": "Shine Editorial Team",
      "date": "Updated June 28, 2024",
      "content": [
        {
          "heading": "Clarity: The Purity of Diamonds",
          "paragraphs": [
            "Diamond clarity refers to the absence of internal inclusions and external blemishes. These imperfections occur naturally during the diamond's formation and can affect the diamond's overall appearance and value. Clarity is one of the essential 4Cs, along with carat weight, color, and cut, used to evaluate a diamond's quality.",
            "Clarity is graded on a scale from Flawless (FL) to Included (I). A diamond with a high clarity grade has fewer and smaller inclusions and blemishes, making it more valuable and desirable. However, many inclusions are microscopic and do not affect the diamond's beauty to the naked eye."
          ]
        },
        {
          "heading": "Grading Diamond Clarity",
          "paragraphs": [
            "The Gemological Institute of America (GIA) clarity scale ranges from FL (Flawless) to I (Included), with several grades in between. Flawless diamonds have no inclusions or blemishes visible under 10x magnification, making them extremely rare and valuable. Internally Flawless (IF) diamonds have no inclusions but may have minor blemishes.",
            "Very Very Slightly Included (VVS1 and VVS2) diamonds have inclusions that are difficult to see even under 10x magnification. Very Slightly Included (VS1 and VS2) diamonds have minor inclusions that are somewhat easy to see under magnification but not visible to the naked eye. Slightly Included (SI1 and SI2) diamonds have inclusions that are noticeable under magnification and may be visible to the naked eye. Included (I1, I2, and I3) diamonds have inclusions that are easily seen under magnification and can affect the diamond's transparency and brilliance."
          ]
        },
        {
          "heading": "The Impact of Inclusions on Diamond Appearance",
          "paragraphs": [
            "Inclusions and blemishes can affect a diamond's brilliance and overall appearance. However, not all inclusions are created equal. Some inclusions are white or transparent and blend well with the diamond, while others may be dark and more noticeable. The location, size, and type of inclusions also play a role in their visibility.",
            "Diamonds with inclusions located near the edge can be hidden by the setting, making them less noticeable. On the other hand, inclusions in the center or on the surface of the diamond are more visible and can impact its beauty. Understanding the type and location of inclusions can help you choose a diamond that offers the best value and appearance."
          ]
        },
        {
          "heading": "Choosing the Right Diamond Clarity for You",
          "paragraphs": [
            "When selecting a diamond, consider your preferences and budget. While Flawless and Internally Flawless diamonds are rare and valuable, they may not be necessary for everyone. Diamonds with clarity grades in the VS or SI range can offer excellent value, as their inclusions are often not visible to the naked eye and do not affect the diamond's beauty.",
            "At Shine, our experts can help you navigate the clarity scale and choose a diamond that meets your needs. We recommend viewing diamonds in person or through high-quality images to assess their clarity and determine which imperfections, if any, are acceptable to you. By balancing clarity with other factors such as cut, color, and carat weight, you can find the perfect diamond within your budget."
          ]
        }
      ]
    
    },
  "Fluorescence" : {
      "title": "Understanding Diamond Fluorescence",
      "author": "Shine Editorial Team",
      "date": "Updated June 28, 2024",
      "content": [
        {
          "heading": "Fluorescence: The Glow of Diamonds",
          "paragraphs": [
            "Diamond fluorescence refers to the phenomenon where a diamond emits a soft glow when exposed to ultraviolet (UV) light. This glow can vary in intensity from none to very strong and in color, most commonly appearing blue. Fluorescence is a natural characteristic found in some diamonds and can affect their appearance and value.",
            "While fluorescence is often misunderstood, it can be a unique and intriguing quality of a diamond. Understanding its impact can help you make an informed decision when selecting a diamond."
          ]
        },
        {
          "heading": "Grading Diamond Fluorescence",
          "paragraphs": [
            "The Gemological Institute of America (GIA) grades diamond fluorescence on a scale ranging from None to Very Strong. Diamonds with no fluorescence are graded as None, while those with a faint glow are graded as Faint. Diamonds with noticeable fluorescence are graded as Medium, Strong, or Very Strong, depending on the intensity of the glow under UV light.",
            "Fluorescence is not necessarily a flaw. In some cases, it can enhance a diamond's appearance, making it appear whiter or more brilliant, especially in diamonds with lower color grades. However, in rare cases, very strong fluorescence can cause a diamond to appear hazy or oily."
          ]
        },
        {
          "heading": "The Impact of Fluorescence on Diamond Appearance",
          "paragraphs": [
            "Fluorescence can influence how a diamond looks under different lighting conditions. In natural or indoor light, most diamonds with fluorescence will appear identical to those without it. However, under UV light, such as sunlight or a blacklight, diamonds with fluorescence will emit a soft glow, which can be an attractive feature to some buyers.",
            "The impact of fluorescence on a diamond's value varies. Some buyers prefer diamonds without fluorescence, while others seek out diamonds with medium or strong fluorescence for their unique glow. It's important to see the diamond in person or through high-quality images to determine if the fluorescence affects its appearance to your satisfaction."
          ]
        },
        {
          "heading": "Choosing the Right Diamond Fluorescence for You",
          "paragraphs": [
            "When selecting a diamond, consider how fluorescence fits into your preferences and budget. If you're purchasing a diamond with a lower color grade, such as J or lower, fluorescence can make the diamond appear whiter and brighter. On the other hand, for diamonds with high color grades (D-F), you might prefer minimal fluorescence to maintain their natural brilliance.",
            "At Shine, our diamond experts can guide you through the fluorescence grades and help you choose a diamond that matches your desired look and budget. We recommend viewing the diamond in different lighting conditions to understand how fluorescence impacts its appearance. By balancing fluorescence with the other 4Cs, you can find a diamond that truly shines for you."
          ]
        }
      ]
    
    }    
}
