{
  "Carat": {
    "title": "Understanding Diamond Carat",
    "content": [
      {
        "heading": "Carat: The Weight of Diamonds",
        "paragraphs": [
          "Carat is a unit of measurement for the weight of diamonds and other gemstones. One carat is equivalent to 200 milligrams (0.2 grams). This standard unit is widely used in the jewelry industry to determine the value and size of diamonds. However, it is crucial to note that carat weight does not equate to size or appearance but simply the weight of the diamond.",
          "The term 'Carat' originates from the Greek word 'keration,' meaning 'carob seed.' Historically, carob seeds were used as a reference for weighing gemstones due to their consistent weight. In the 20th century, the carat was standardized internationally, becoming a crucial measure in the gem industry."
        ]
      },
      {
        "heading": "Impact of Carat Weight on Value",
        "paragraphs": [
          "The carat weight of a diamond significantly impacts its value. Generally, as the carat weight increases, the price per carat also increases. This is due to the rarity of larger diamonds. However, other factors like cut, color, and clarity (the other three Cs) also play essential roles in determining a diamond's overall value.",
          "While carat measures weight, it does not directly correspond to the physical dimensions of the diamond. Two diamonds of the same carat weight can have different sizes depending on their cut proportions. For example, a well-cut diamond will appear larger and more brilliant than a poorly cut diamond of the same weight."
        ]
      }
    ]
  },
  "Cut": {
    "title": "Understanding Diamond Cut",
    "author": "Shine Editorial Team",
    "date": "Updated June 28, 2024",
    "content": [
      {
        "heading": "Cut: The Key to Diamond Brilliance",
        "paragraphs": [
          "The cut of a diamond is often considered the most critical factor in determining its beauty. Unlike carat weight, which measures a diamond's size, the cut determines how well the diamond reflects light. A well-cut diamond will exhibit exceptional brilliance, sparkle, and fire, making it appear more dazzling than a poorly cut diamond.",
          "Diamond cut refers to how well the diamond's facets interact with light. A diamond's cut quality is assessed based on its proportions, symmetry, and polish. These aspects collectively influence the diamond's overall appearance, making the cut an essential factor when selecting a diamond."
        ]
      },
      {
        "heading": "Grading Diamond Cut Quality",
        "paragraphs": [
          "Diamond cut quality is graded on a scale from Excellent to Poor. The Gemological Institute of America (GIA) uses a comprehensive grading system that evaluates the diamond's proportions, symmetry, and polish. An Excellent cut grade indicates that the diamond's facets are precisely aligned to maximize light performance, resulting in exceptional brilliance and fire.",
          "A diamond with a lower cut grade, such as Good or Fair, will not reflect light as efficiently, resulting in less sparkle. Even if a diamond has high grades in color and clarity, a poor cut can significantly diminish its overall beauty."
        ]
      }
    ]
  },
  "Color": {
    "title": "Understanding Diamond Color",
    "author": "Shine Editorial Team",
    "date": "Updated June 28, 2024",
    "content": [
      {
        "heading": "Color: The Hue of Diamonds",
        "paragraphs": [
          "Diamond color is one of the critical factors in determining a diamond's value and overall appearance. Unlike other gemstones, the most valuable diamonds are typically colorless. The absence of color allows more light to pass through the diamond, resulting in exceptional sparkle and brilliance.",
          "The color of a diamond is graded on a scale from D (completely colorless) to Z (light yellow or brown). This scale, established by the Gemological Institute of America (GIA), is widely recognized and used by gemologists worldwide. Diamonds graded D are extremely rare and command higher prices, while those closer to Z may have noticeable color."
        ]
      },
      {
        "heading": "Grading Diamond Color",
        "paragraphs": [
          "The GIA color grading scale is based on a diamond's lack of color. Each letter grade represents a range of color, with D being the highest grade, indicating a completely colorless diamond. As the grades progress from D to Z, the presence of color becomes more apparent. Diamonds with less color are more valuable because they allow more light to pass through, enhancing their brilliance.",
          "In practical terms, diamonds in the D-F range are considered colorless and are very rare. Diamonds graded G-J are near colorless, showing minimal color that is difficult to detect with the naked eye, making them an excellent choice for value and appearance. Diamonds in the K-M range have a faint yellow tint, while those graded N-Z have increasingly noticeable color."
        ]
      }
    ]
  },
  "Clarity": {
    "title": "Understanding Diamond Clarity",
    "author": "Shine Editorial Team",
    "date": "Updated June 28, 2024",
    "content": [
      {
        "heading": "Clarity: The Purity of Diamonds",
        "paragraphs": [
          "Diamond clarity refers to the absence of internal inclusions and external blemishes. These imperfections occur naturally during the diamond's formation and can affect the diamond's overall appearance and value. Clarity is one of the essential 4Cs, along with carat weight, color, and cut, used to evaluate a diamond's quality.",
          "Clarity is graded on a scale from Flawless (FL) to Included (I). A diamond with a high clarity grade has fewer and smaller inclusions and blemishes, making it more valuable and desirable. However, many inclusions are microscopic and do not affect the diamond's beauty to the naked eye."
        ]
      },
      {
        "heading": "Grading Diamond Clarity",
        "paragraphs": [
          "The Gemological Institute of America (GIA) clarity scale ranges from FL (Flawless) to I (Included), with several grades in between. Flawless diamonds have no inclusions or blemishes visible under 10x magnification, making them extremely rare and valuable. Internally Flawless (IF) diamonds have no inclusions but may have minor blemishes.",
          "Very Very Slightly Included (VVS1 and VVS2) diamonds have inclusions that are difficult to see even under 10x magnification. Very Slightly Included (VS1 and VS2) diamonds have minor inclusions that are somewhat easy to see under magnification but not visible to the naked eye. Slightly Included (SI1 and SI2) diamonds have inclusions that are noticeable under magnification and may be visible to the naked eye. Included (I1, I2, and I3) diamonds have inclusions that are easily seen under magnification and can affect the diamond's transparency and brilliance."
        ]
      }
    ]
  },
  "Fluorescence": {
    "title": "Understanding Diamond Fluorescence",
    "author": "Shine Editorial Team",
    "date": "Updated June 28, 2024",
    "content": [
      {
        "heading": "Fluorescence: The Glow of Diamonds",
        "paragraphs": [
          "Diamond fluorescence refers to the phenomenon where a diamond emits a soft glow when exposed to ultraviolet (UV) light. This glow can vary in intensity from none to very strong and in color, most commonly appearing blue. Fluorescence is a natural characteristic found in some diamonds and can affect their appearance and value.",
          "While fluorescence is often misunderstood, it can be a unique and intriguing quality of a diamond. Understanding its impact can help you make an informed decision when selecting a diamond."
        ]
      },
      {
        "heading": "Grading Diamond Fluorescence",
        "paragraphs": [
          "The Gemological Institute of America (GIA) grades diamond fluorescence on a scale ranging from None to Very Strong. Diamonds with no fluorescence are graded as None, while those with a faint glow are graded as Faint. Diamonds with noticeable fluorescence are graded as Medium, Strong, or Very Strong, depending on the intensity of the glow under UV light.",
          "Fluorescence is not necessarily a flaw. In some cases, it can enhance a diamond's appearance, making it appear whiter or more brilliant, especially in diamonds with lower color grades. However, in rare cases, very strong fluorescence can cause a diamond to appear hazy or oily."
        ]
      }
    ]
  }
}