{
  "Blog1": {
    "title": "Ask A Shine: Certified vs. Non-certified Diamonds",
    "author": "Mike Fried",
    "date": "Updated May 31, 2024",
    "sections": [
      {
        "type": "paragraph",
        "content": "Choosing the perfect engagement ring is an important and often stressful decision, and the journey of one of our readers highlights several points that many buyers face. Their detailed email mentioned the questions about the advantages and disadvantages of buying diamonds and settings from different sources, the significance of diamond certification, and the choice between custom and pre-made settings. Let’s dive into these aspects to help clarify these common concerns."
      },
      {
        "type": "header",
        "content": "Here’s the reader’s original email:"
      },
      {
        "type": "quote",
        "content": "My fiance & I spent 2.5 hours at a local jeweler and while I thought he had nosebleed prices on loose stones I liked the idea of being able to see the setting in person and make sure it looks good on her finger. That said all of his settings were probably a few hundred higher than Blue Nile or James Allen. I’ve also found a custom jeweler who does great work but is of course a bit more expensive. I’m considering buying a 1.00ct, round, excellent cut."
      },
      {
        "type": "header",
        "content": "Few questions:"
      },
      {
        "type": "quote",
        "content": "1) Is this extra work worth the effort or are most James Allen / Brian Gavin settings “nice enough”?"
      },
      {
        "type": "quote",
        "content": "2) He had a # of stones that were less exp but not certified; I was convinced I needed GIA – is this the case? Are the other certifications (EGL, etc) sufficient or is GIA a must?"
      },
      {
        "type": "quote",
        "content": "3) Do you have a diamond rec from JA or Brian Gavin in the $4,500 – $5,500 range?"
      },
      {
        "type": "header",
        "content": "Thanks much, great work on the site!"
      },
      {
        "type": "blockquote",
        "content": "Let’s get one thing out of the way — you should never buy a diamond that isn’t certified. If a diamond doesn’t have the proper paperwork, you can’t know what quality it is and what you’re spending your money on. GIA laboratory does the best job of grading diamonds."
      },
      {
        "type": "image",
        "src": "path/to/post1.jpg",
        "alt": "post1"
      },
      {
        "type": "header",
        "content": "WHY IS DIAMOND CERTIFICATION IMPORTANT?"
      },
      {
        "type": "paragraph",
        "content": "Diamond certification is crucial for several reasons, primarily because it provides an independent verification of the diamond’s quality and authenticity. Certification comes from authoritative bodies like the Gemological Institute of America (GIA), which evaluates diamonds based on the diamond four Cs: Carat, Cut, Color, and Clarity. This independent assessment assures buyers of the diamond’s true value and characteristics."
      },
      {
        "type": "paragraph",
        "content": "A certified diamond gives buyers peace of mind, knowing that the stone’s attributes have been accurately reported by experts who have no vested interest in the sale. This transparency is particularly important when making a significant investment, as it prevents overpaying for substandard diamonds. Certified diamonds are also easier to resell, as the certification acts as a guarantee of quality for future buyers."
      },
      {
        "type": "header",
        "content": "GIA-CERTIFIED DIAMONDS ABOVE ALL ELSE"
      },
      {
        "type": "paragraph",
        "content": "The GIA is widely recommended as the gold standard in the diamond industry. A GIA certification is trusted globally due to the institute’s rigorous and consistent grading standards. This reputation ensures that a GIA-certified diamond will meet the high expectations set by its grading report."
      },
      {
        "type": "paragraph",
        "content": "While there are other certification bodies such as the European Gemological Laboratory (EGL), these often have less strict grading criteria. This can lead to discrepancies in quality and value perceptions. For example, an EGL-certified diamond might be graded as having better clarity or color than it would under GIA standards, potentially misleading buyers about the stone’s true quality."
      },
      {
        "type": "paragraph",
        "content": "Given this, it’s generally recommended to prioritize GIA-certified diamonds. The consistency and reliability of GIA certification help avoid unpleasant surprises and ensure that your investment is sound."
      },
      {
        "type": "image",
        "src": "pic1",
        "alt": "pic1"
      },
      {
        "type": "header",
        "content": "FINAL THOUGHT"
      },
      {
        "type": "paragraph",
        "content": "In conclusion, while the local jeweler experience offers the advantage of seeing settings in person, the cost savings and convenience of online retailers, combined with GIA-certified diamonds, often present a compelling option. Prioritize certification and quality, weigh the benefits of custom versus pre-made settings, and utilize the resources available to ensure you find the perfect ring for your special occasion."
      },
      {
        "type": "paragraph",
        "content": "And if you have any questions, we’re here to hear you out. Message us and one of our experts will help you with anything diamond-related."
      },
      {
        "type": "end",
        "content": "Happy diamond shopping!"
      }
    ]
  },
  "Blog2": {
    "title": "Ask A Shine: Fancy Yellow Cushion Diamond Within a $15k – $20k Budget",
    "author": "By Mike Fried",
    "date": "Updated May 14, 2024",
    "sections": [
      {
        "type": "paragraph",
        "content": "Exploring the dazzling world of yellow diamonds, we encounter a reader’s inquiry that’s as specific as it is exciting. Our reader was on the hunt for the perfect yellow diamond engagement ring within a budget of $15,000 to $20,000. With a preference for a cushion cut diamond, a size between 1.50 to 2 carats, and a focus on Fancy Intense color and VVS1 or VVS2 clarity, they’ve laid out their criteria with precision. Their ring finger size of 4 3/4 adds another important detail to the mix. With their request in mind, let’s explore the intricacies of yellow diamonds and offer tailored advice to help them find their dream ring."
      },
      {
        "type": "header",
        "content": "Here’s the reader’s original email:"
      },
      {
        "type": "quote",
        "content": "You have a lot of great information here but I can’t find much on yellow diamonds so can you please advise for someone with a $15k – $20k budget? Her ring finger size is 4 3/4 (or near that) and therefore I’m not looking for anything larger than 1.50 – 2 carats in cushion cut so I want to put most of my money towards color (Fancy Intense) and clarity (VVS1 or 2). What are your thoughts and does the same color range apply to yellow diamonds?"
      },
      {
        "type": "quote",
        "content": "Thanks in advance for your help!! "
      },
      {
        "type": "paragraph",
        "content": "The reader’s budget is big enough for a cushion of their dream size. That gives them a lot of options to choose from. However, the high clarity makes it a bit more challenging. Below, we’re going to dive into the clarity grade importance and how it can affect the price of a diamond."
      },
      {
        "type": "header",
        "content": "YELLOW DIAMOND: COLOR SCALE"
      },
      {
        "type": "paragraph",
        "content": "One of the reader’s questions was about the yellow diamond color scale and if it’s the same as for clear diamonds. That’s a common misconception. People often think that colored diamonds also have a color scale made of letters (D-Z), but it’s not true."
      },
      {
        "type": "paragraph",
        "content": "Yellow diamonds come in a variety of shades, just like the colors of the rainbow. The color scale for yellow diamonds ranges from light yellow to deep, intense shades. If someone wants a very bright and vivid yellow diamond, they might look for one with a higher intensity on the color scale. We created a simple graphic that helps people visualize the scale:"
      },
      {
        "type": "paragraph",
        "content": "Yellow diamonds come in a variety of shades, just like the colors of the rainbow. The color scale for yellow diamonds ranges from light yellow to deep, intense shades. If someone wants a very bright and vivid yellow diamond, they might look for one with a higher intensity on the color scale. We created a simple graphic that helps people visualize the scale:"
      },
      {
        "type": "image",
        "src": "post2",
        "alt": "post2"
      },
      {
        "type": "paragraph",
        "content": "When it comes to yellow diamonds, their color intensity plays a crucial role in determining their value and allure. Gemologists use terms like Fancy Light, Fancy, Fancy Intense, and Fancy Vivid to describe the intensity of yellow diamonds. Diamonds with a higher intensity, such as Fancy Intense or Fancy Vivid, command greater attention and are typically more desirable and valuable."
      },
      {
        "type": "paragraph",
        "content": "Within this spectrum, subtle nuances in hue, saturation, and tone contribute to the unique character of each yellow diamond, offering a diverse array of options for those looking for a unique gem for their jewelry."
      },
      {
        "type": "header",
        "content": "YELLOW DIAMONDS: CLARITY"
      },
      {
        "type": "paragraph",
        "content": "Diamond clarity refers to how clear or free from flaws a diamond is. Clear diamonds (sometimes referred to as “white diamonds”) are more prone to showing inclusions than diamonds with color. Thanks to the intense hue, yellow diamonds can get away with more imperfections without being seen by the naked eye. What this means is that sometimes, a yellow diamond with an SI2 clarity grade will look amazing, whereas a clear diamond can have obvious inclusions. All in all, you should always buy a diamond that’s clean to the naked eye, regardless of the clarity grade."
      },
      {
        "type": "paragraph",
        "content": "During our conversation with the reader, he mentioned the following:"
      },
      {
        "type": "quote",
        "content": "Can you show me IF, Fancy Intense and 1.5 – 2 carats?? I’m being quoted $16k for 1.50 and platinum band… "
      },
      {
        "type": "paragraph",
        "content": "He was already aiming for a very high clarity (VVS1-VVS2), but an IF diamond is usually much pricier. The quoted price of $16k was so good that we needed to ask for more details. If the diamond in question was well cut, that would be a fantastic value."
      },
      {
        "type": "paragraph",
        "content": "Our worst fear became a reality. After seeing the GIA certificate for the IF diamond, it was clear that someone was trying to rip them off. The cut was so bad that there was close to zero chance for the diamond to have enough brilliance to look good. Remember: when a deal seems too good to be true, it usually is."
      },
      {
        "type": "header",
        "content": "YELLOW DIAMOND OPTIONS"
      },
      {
        "type": "paragraph",
        "content": "An IF diamond is usually unnecessarily expensive. Look at this 1.80ct intense yellow IF cushion cut diamond from Leibish. Don’t get me wrong, it’s a gorgeous diamond, but you can definitely pay less for a lower-clarity stone."
      },
      {
        "type": "paragraph",
        "content": "This 1.51ct intense yellow VS1 cushion cut from James Allen is only a smidge shorter but way less expensive. The color is equally amazing and even though the carat weight isn’t as high, the actual length isn’t that different (7.08mm vs. 7.29mm)."
      },
      {
        "type": "image",
        "src": "pic2",
        "alt": "pic2"
      },
      {
        "type": "header",
        "content": "FINAL THOUGHTS"
      },
      {
        "type": "paragraph",
        "content": "Yellow diamonds are a stunning choice for those who want a unique engagement ring and aren’t afraid to add a little bit of color. You can combine it with a white gold/platinum setting for the contrast or a yellow gold setting to accentuate the yellow tones. There is no wrong answer there."
      },
      {
        "type": "paragraph",
        "content": "While choosing your desired diamond, keep in mind to always check the actual color intensity, ensure the diamond doesn’t have visible imperfections, and ALWAYS go with a GIA-certified diamond. And if you have any questions at all or just want to make sure you’re making the right decision, don’t hesitate to contact one of our experts. We’re here to walk you through the exciting experience of getting an engagement ring and make it as easy for you as possible."
      },
      {
        "type": "end",
        "content": "Happy diamond shopping!"
      }
    ]
  },
  "Blog3": {
    "title": "Ask A Shine: Advice on 0.81 Carat Round K Color Diamond",
    "author": "By Mike Fried",
    "date": "Updated May 10, 2024",
    "sections": [
      {
        "type": "paragraph",
        "content": "Welcome to our blog, where we’re dedicated to providing unbiased and invaluable information to empower your diamond-buying journey. Recently, we received an insightful email from a reader who spent hours exploring our website. They’re on a budget of $2,000 and seeking guidance on two intriguing options, both K color diamonds from James Allen."
      },
      {
        "type": "paragraph",
        "content": "Our reader faces the common dilemma of whether to prioritize clarity over color. The second diamond, which has a slightly better clarity grade raises the question: is it wise to give up a tiny .05 carat weight increase for better clarity?"
      },
      {
        "type": "paragraph",
        "content": "This choice depends on various factors, such as personal taste and where the diamond will be used. Join us as we explore the complexities of diamond selection, explaining how even small differences can greatly affect the look and worth of your engagement ring."
      },
      {
        "type":"header",
        "content":"Here’s the reader’s original email:"
      },
      {
        "type":"quote",
        "content":"First of all, great website, spent several hours gaining valuable unbiased information."
      },
      {
        "type":"quote",
        "content": "I am on a budget of about 2k for a round diamond and am curious about the below very nice cut that has K color but a faint fluorescent. I know it’s hard to tell through the picture and most local stores do not carry that low a color."
      },
      {
        "type":"quote",
        "content":"Is it safe to assume this will not be too overwhelming yellow?"
      },
      {
        "type":"paragraph",
        "content":"Later in our email communication, the reader informed us that they were planning to purchase a platinum pavé-style ring. This single piece of information raises even more questions regarding the low-color diamonds they are considering. We will discuss the creation of the setting and the diamond color further in the post."
      },
      {
        "type":"header",
        "content":"WHEN TO CHOOSE A K COLOR DIAMOND"
      },
      {
        "type":"paragraph",
        "content":"Choosing a K color diamond can be a strategic decision, particularly when budget constraints are a significant factor. While diamonds in the K color range may look slightly yellow, it doesn’t necessarily detract from their beauty or brilliance."
      },
      {
        "type":"paragraph",
        "content":"For instance, if you’re opting for a solitaire setting in yellow or rose gold, the warmth of a K color diamond can complement the metal tone beautifully. As an example, this 0.80ct K SI1 diamond in this ornated solitaire setting looks absolutely divine."
      },
      {
        "type":"image",
        "src": "post3",
        "alt":"post3"
      },
      {
        "type":"header",
        "content":"K COLOR DIAMOND IN A PLATINUM PAVÉ STYLE RING"
      },
      {
        "type":"paragraph",
        "content":"When considering a K color diamond for a platinum pavé-style setting, it’s important to understand how the color of the diamond interacts with the metal. Platinum is a bright, white metal, and it doesn’t have any warm tones like yellow gold does. Because of this, any hint of yellow in a K color diamond can stand out more against the bright backdrop of platinum."
      },
      {
        "type":"paragraph",
        "content":"In a pavé setting, where many small diamonds are set closely together, this contrast can be even more noticeable. The overall effect may not be as visually appealing, as the warmth of the diamond clashes with the coolness of the platinum."
      },
      {
        "type":"paragraph",
        "content":"Additionally, the pavé setting is designed to enhance the brilliance and sparkle of the diamonds by closely grouping them together. However, when a K color diamond is used in this setting with platinum, its warm hue can create a visual imbalance drawing attention away from the sparkle and brilliance."
      },
      {
        "type":"paragraph",
        "content":"Look at the example below. You can clearly see the warm tones of the K color center diamond compared to the white metal. There is also a big difference between the center stone color and the whither pavé diamonds on the band."
      },
      {
        "type":"image",
        "src":"pic3",
        "alt":"pic3"
      },
      {
        "type":"header",
        "content":"FINAL THOUGHT"
      },
      {
        "type":"paragraph",
        "content":"Our reader’s journey, from looking at choices to asking for advice that fits their likes, shows how important it is to make smart choices. Even though a K color diamond might seem nice at first, checking if it works well with different rings and metals is really important. It’s all about finding the right mix of price, looks, and quality."
      },
      {
        "type":"paragraph",
        "content":"For our reader, realizing how a K color diamond might not go well with a platinum pavé-style ring helped us find better options. This shows that being open to different ideas can lead to a ring with a wow factor."
      },
      {
        "type":"paragraph",
        "content":"If you’re currently looking for a ring yourself or are planning to do it in the future, don’t forget that you can always contact us and we can help you navigate the world of diamonds."
      }
    ]
  },
  "Blog4": {
    "title" : "Ask A Shine: $13K Budget on Emerald Cut",
    "author": "By Mike Fried",
    "date": "Updated April 12, 2024" ,
    "sections" : [
      {
        "type":"paragraph",
        "content" : "In the world of diamond shopping, the emerald cut stands out as a symbol of elegance and sophistication, captivating the hearts of many. Its elongated shape forms a timeless charm, making it a popular choice among buyers worldwide. However, when it comes to selecting the perfect emerald cut diamond—one that appears as large as possible while maintaining eye-cleanliness—there are several key factors to keep in mind. If you find yourself on a quest for the ideal stone, like many of our readers do, remember that we’re here to guide you through the process."
      },
      {
        "type":"paragraph",
        "content": "We have received several emails asking about emelrald cut diamonds. For the purpose of this article, we chose one of them."

      },
      {
        "type":"header",
        "content" : "Here’s the reader’s original email:"
      },
      {
        "type": "quote",
        "content": "Thanks for providing all this informative info on your site. I’m wondering if you could look for some possible options for me. I’m looking for an emerald cut diamond and I would like one that appears as large as possible (while still being eye-clean). I plan to set it in platinum. I prefer emerald cuts that have a clear long rectangular shape (versus short / fat)."
      },
      {
        "type":"quote",
        "content":"My budget is about 13K for the stone. I can go as high as 14K but would prefer less than 13K if possible."
      },
      {
        "type":"quote",
        "content":"Thanks again for your help!"
      },
      {
        "type":"blockquote",
        "content":"Let’s clarify one thing: even though emerald cut diamonds are absolutely gorgeous, they will never have as much brilliance round cut diamonds. Does this mean that you shouldn’t buy an emerald cut? No. What it means is that you should make sure what you want from the diamond before you settle on a particular shape."
      },
      {
        "type":"image",
        "src": "pic4_1",
        "alt": "pic4_1"
      },
      {
        "type": "header",
        "content":"EMERALD CUT DIAMOND: SHAPE"
      },
      {
        "type": "paragraph",
        "content":"First and foremost, let’s address the desire for size without compromising on diamond clarity. It’s essential to understand that the size of a diamond is primarily determined by its carat weight. The clarity, on the other hand, refers to the presence or absence of inclusions and blemishes within the stone. Achieving a balance between these two factors requires careful selection and evaluation."
      },
      {
        "type": "paragraph",
        "content": " When searching for an emerald cut diamond that appears large, focus on the diamond’s length-to-width ratio. As our reader rightly pointed out, a clear, long rectangular shape is preferred over a shorter, wider one. A length-to-width ratio between 1.30 and 1.60 usually creates the classic elongated look that enhances the visual appeal to the fullest."
      },
      {
        "type": "image",
        "src": "pic4_2",
        "alt": "pic4_2"
      },
      {
        "type": "header",
        "content":"EMERALD CUT DIAMOND: CLARITY"
      },
      {
        "type": "paragraph",
        "content": "Next, let’s explore the aspect of clarity. Unlike other diamond shapes, such as round brilliants, emerald cuts do not depend as much on facets to create brilliance. Instead, they display a distinctive hall-of-mirrors effect characterized by wide, flat planes called “step cuts.” However, the accuracy of these step cuts greatly affects the diamond’s brilliance and sparkle."
      },
      {
        "type":"paragraph",
        "content":"While emerald cuts are known for their elegance, their large open table and step-cut facets can also reveal inclusions more easily compared to other diamond shapes. The reader showed us an SI1 clarity emerald cut diamond similar to this 2.01ct one from James Allen which wasn’t eye-clean. The inclusions were too harsh for an emerald cut. If you desire an emerald diamond that appears clean to the naked eye, look for stones with a VS2 clarity grade or higher. Diamonds within this range typically offer exceptional clarity without the premium price tag of flawless or internally flawless grades."
      },
      {
        "type":"paragraph",
        "content":"It’s important to mention that the location and the type of inclusions play a vital role in defining a diamond’s clarity. Inclusions found near the edges or corners of the diamond are less likely to diminish its appearance compared to those situated in the center. Also, minor inclusions like pinpoint spots or small feathers may be acceptable as long as they do not impact the diamond’s overall beauty and structural integrity."
      },
      {
        "type":"header",
        "content":"FINAL THOUGHTS"
      },
      {
        "type":"paragraph",
        "content":"Picking up an emerald cut diamond isn’t an easy task. However, by focusing on factors such as the length-to-width ratio, cut grade, clarity, and choice of setting, you can confidently choose a magnificent stone that captures both elegance and brilliance. May your quest be successful, and may the diamond you select become a cherished symbol of love and beauty for many years to come."
      },
      {
        "type":"paragraph",
        "content":"And if you have any questions during your process, we’re here to help. Just message us, let us know what we can do for you and we’ll be in touch."
      }
    ]
  },
  "Blog5": {
    "title" : "Ask A Shine: Making the Right Choice in Selecting an Engagement Ring",
    "author": "By Mike Fried",
    "date":"Updated March 28, 2024",
    "sections": [
      {
        "type": "paragraph",
        "content": "In love stories, few things compare to the thrill of choosing an engagement ring. It represents love, loyalty, and the hope of a shared future. When someone starts this journey, they have certain likes and needs in mind. It’s not just about finding any ring; it’s about finding a special symbol that captures the essence of their relationship. Take, for example, one of our readers who asked us for advice on buying a diamond for their partner. Their careful approach shows they put a lot of thought into the decision."
      },
      {
        "type": "header",
        "content": "Here’s the reader’s original email:"
      },
      {
        "type":"quote",
        "content":"Starting to look, girlfriend likes sparkle the most, with size a close second. She is not color sensitive at all. What are your thoughts on this stone https://www.jamesallen.com/loose-diamonds/round-cut/1.62-carat-k-color-vs1-clarity-excellent-cut-sku-211166?a_aid=dmnd1357 in this setting https://www.jamesallen.com/engagement-rings/solitaire/14k-white-gold-2mm-knife-edge-solitaire-engagement-ring-item-7115?a_aid=dmnd1357 ?"
      },
      {
        "type":"quote",
        "content":"Any other suggestions? Thanks in advance."
      },
      {
        "type":"paragraph",
        "content":"After viewing the reader’s diamond choice, we instantly knew he chose a beautiful diamond. Even though we would normally not put a K color diamond in a white gold setting, he didn’t have a problem with the center diamond being slightly warmer at all."
      },
      {
        "type":"paragraph",
        "content":"Let’s explore why their choices are so praiseworthy when it comes to picking the perfect ring."
      },
      {
        "type":"header",
        "content":"UNDERSTANDING PREFERENCES"
      },
      {
        "type":"paragraph",
        "content":"The reader’s first part of their message shows us an insight into their partner’s preferences – a fascination with sparkle and a secondary consideration for size, with no particular sensitivity to diamond color. This shows that our reader pays close attention to what she wants. They’re making sure to find a ring that she’ll love. By prioritizing what matters most to her – brilliance and size – they know exactly what to look for, making sure the ring they choose will make her happy."
      },
      {
        "type":"image",
        "src" : "post5",
        "alt" : "post5"
      },
      {
        "type":"header",
        "content":"THE SELECTED STONE"
      },
      {
        "type":"paragraph",
        "content":"The diamond under consideration, a 1.62 carat round cut with K color and VS1 clarity, represents a balance between quality and preference. While some might prioritize more colorless diamonds, our reader knows their partner’s focus is on brilliance and size. By opting for a diamond with excellent cut grade, they ensure maximum light performance (i.e. a lot of fire and brilliance). Additionally, the VS1 clarity grade gives them minimal imperfections visible to the naked eye."
      },
      {
        "type":"paragraph",
        "content":"Also, the fact that the reader’s partner is okay with a K color diamond shows they’re being practical. They know their partner isn’t too picky about color, so they have more options. Instead of focusing on things like how colorless the diamond is, they’re putting more importance on what their partner really cares about – how sparkly and big it is. This shows they understand what truly matters in selecting the perfect ring."
      },
      {
        "type":"paragraph",
        "content":"For those who prefer diamonds without any hint of warmth, we suggest opting for a diamond that is at least one color grade higher. By selecting an I or J color diamond, such as this 1.62 carat J color round cut diamond for a solitaire setting, you can maintain a reasonable price while getting a nearly colorless diamond."
      },
      {
        "type":"header",
        "content":"THE CHOSEN SETTING"
      },
      {
        "type":"paragraph",
        "content":"The reader chose a 14K white gold knife-edge solitaire setting, a timeless choice that complements the brilliance of the diamond without overshadowing its radiance. The simplicity of the design accentuates the diamond’s beauty, allowing it to be the center of attention."
      },
      {
        "type":"image",
        "src":"pic5",
        "alt":"pic5"
      },
      {
        "type":"paragraph",
        "content":"For such a setting, we would normally recommend a diamond with a higher color grade, such as J or I color, or a change in the metal type. A 14K yellow or rose gold would work perfectly with a K color diamond without any obvious yellowness."
      },
      {
        "type":"header",
        "content":"FINAL THOUGHTS"
      },
      {
        "type":"paragraph",
        "content":"In the reader’s journey to find the ideal engagement ring, every aspect – from understanding their partner’s preferences to selecting a diamond and setting that aligns with those preferences – reflects a thoughtful and meticulous approach. By prioritizing brilliance and size, while remaining mindful of budget limitations and personal tastes, the reader did a god job choosing a ring that will not only symbolize their love and commitment but also resonate deeply with their partner on a personal level."
      },
      {
        "type":"paragraph",
        "content":"If you find yourself in a similar situation, whether you’ve already selected a diamond and seek a second opinion or you’re still in the process of choosing one, feel free to reach out to us. Our experts are here to assist you every step of the way, ensuring a smoother decision-making process for you."
      }
    ]

  }
} 