{
    "ValuationIntroduction" : {
        "subtle" : "ANALYSIS & GRADING",
        "title" : "NATURAL DIAMOND REPORTS & SERVICES",
        "sections" : [
            {
                "type" : "paragraph",
                "content" : "Welcome to Shine, the leading platform for accurate and reliable diamond pricing. Our expert system leverages advanced tools and comprehensive market data to provide an accurate assessment of your diamond's value. Whether you are a collector, a jeweler, or simply curious about the value of your precious gem, Shine is here to provide you with insight and peace of mind."
            },
            {
                "type" : "paragraph",
                "content" : "At Shine, we simplify the pricing process for you. Simply fill out our form to book an appointment and our staff will contact you and guide you. After pricing your diamond's specifications, including carat weight , cut, color and clarity and other attributes will be sent to our team of experts.  Our experienced experts will analyze the information provided and send a comprehensive, objective valuation report directly to you at the store."
            },
            {
                "type" : "paragraph",
                "content" :"We pride ourselves on accuracy, security and user satisfaction. With Shine, you can be confident that you are getting the most accurate and reputable valuation available. Discover the true value of your diamond today with Shine and make informed decisions with confidence and ease."
            },
            {
                "type" : "img",
                "src" : "pic1",
                "alt" : "pic1"
            },
            {
                "type" : "paragraph",
                "content" :"At Shine, we are committed to providing you with accurate, fast and absolutely confidential diamond valuation services. We understand that each diamond is uniquely valuable and deserves to be evaluated carefully and honestly. Our team of experts will work diligently to ensure you receive the most accurate assessment based on the information you provide.We always put customers' interests and satisfaction first. All information you send to us is absolutely confidential and used for valuation purposes only. Shine commits not to share your information with any third party without your consent.Please rest assured when using Shine's services, where accuracy, transparency and customer respect are always guaranteed. We are proud to be your trusted partner in diamond valuation."
            }

        ] 
    },
    "SculptureIntroduction" : {
        "subtle" : "SCULPTURE AT SHINE",
        "title" : "YOUR PRMEMIER DIAMOND CARVING SERVICE",
        "sections" : [
            {
                "type" : "paragraph",
                "content" : "Welcome to Shine, where diamond sculpture becomes a reality. We pride ourselves on not only offering precise diamond valuations but also providing top-tier diamond carving services, creating exquisite and unique masterpieces from your precious gems."
            },
            {
                "type" : "header",
                "content" : "Exquisite Artistry in Every Detail"
            },
            {
                "type" : "paragraph",
                "content" : "At Shine, our diamond carving service is executed by skilled artisans with years of experience in jewelry and sculpture. We utilize state-of-the-art technology alongside the deft hands of our craftsmen to bring your ideas to life, reflecting your individuality and preferences."
            },
            {
                "type" : "header",
                "content" : "Professional Process"
            },
            {
                "type" : "paragraph",
                "content" : "Our diamond carving process is designed to ensure meticulous attention to detail:"
            },
            {
                "type" : "list",
                "content" : "Personalized Consultation: We begin by understanding your desires and concepts. Our advisory team works closely with you to outline the most suitable designs."
            },
            {
                "type" : "list",
                "content" : "Careful Execution: With the approved design, we meticulously carve directly onto the diamond using advanced tools and precise techniques, ensuring every minute detail is flawlessly executed."
            },
            {
                "type" : "list",
                "content" : "Unique Design: Once your needs are clarified, our artisans proceed to create detailed sketches that blend artistry with technical precision to perfect your vision."
            },
            {
                "type" : "list",
                "content" : "Quality Assurance: Each finished piece undergoes rigorous quality checks to uphold the highest standards of quality and aesthetics."
            },
            {
                "type" : "img",
                "src" : "pic2",
                "alt" : "pic2"
            },
            {
                "type" : "header",
                "content" : "Shine's Commitment"
            },
            {
                "type" : "paragraph",
                "content" : "At Shine, we pledge to deliver not just beautiful jewelry but meaningful and valuable art pieces. Each diamond sculpture crafted at Shine is a result of the perfect blend of modern technology and traditional artistic essence."
            },
            {
                "type" : "paragraph",
                "content" : "We understand that each piece carries its own story and emotions, and we strive to transform those ideas and aspirations into reality. With Shine, you don't just own a diamond; you possess a priceless work of art."
            },
            {
                "type" : "paragraph",
                "content" : "Experience the epitome of craftsmanship with Shine's diamond carving service, where perfection and creativity know no bounds. Shine – Where artistry and sophistication converge in every diamond."
            }
        ]
    }
}